{
    "spectrum": [],
    "freq_incr": 1.5625,
    "kurtosis_X": 3.166226387023926,
    "kurtosis_Y": 2.973515748977661,
    "kurtosis_Z": 2.6107747554779053,
    "td_aRMS_X": 0.008568884804844856,
    "td_aRMS_Y": 0.008791930973529816,
    "td_aRMS_Z": 0.010712021961808205,
    "td_aRMS_mag": 0.01629328913986683,
    "td_vRMS_X": 0.1307706981897354,
    "td_vRMS_Y": 0.16742898523807526,
    "td_vRMS_Z": 0.1673193871974945,
    "td_vRMS_mag": 0.27042415738105774,
    "skewness_X": -0.23785187304019928,
    "skewness_Y": -0.3641420006752014,
    "skewness_Z": -0.10951720178127289,
    "variance_X": 0.04534398764371872,
    "variance_Y": 0.04407836124300957,
    "variance_Z": 0.07568221539258957,
    "shape_X": 1.5511908531188965,
    "shape_Y": 1.5701323747634888,
    "shape_Z": 1.4744223356246948,
    "crest_X": 2.844834566116333,
    "crest_Y": 3.033529758453369,
    "crest_Z": 2.589763879776001,
    "impact_X": 3.484607696533203,
    "impact_Y": 3.8367981910705566,
    "impact_Z": 3.2000458240509033,
    "peaktopeak_X": 0.04534398764371872,
    "peaktopeak_Y": 0.04407836124300957,
    "peaktopeak_Z": 0.07568221539258957,
    "timestamp": "2024-07-26_16-22-21"
}